TITLE: ,Data from Krauss+ (2012)
AUTHOR/S: ,M.I. Krauss,A.M. Soderberg,L. Chomiuk,B.A. Zauderer,A. Bruntha,M.F. Bietenholtz,R.A. Chevalier,C. Fransson,M. Rupen
ORGANIZATION: ,"The Astrophysical Journal Letters, 2012"
NAME OF THE EVENT: ,Super nova: SN 2011dh
START DATE OF THE EVENT: ,2011/06/01 - MJD 55712.8
DISTANCE TO THE EVENT (Mpc): ,8.6
UNCERTAINTY ON THE DISTANCE (Mpc): ,0.4
MEASURING EQUIPMENT: ,EVLA (Perley et al. 2011)
t (days),Freq (GHz),Flux (mJy),fluxErr (mJy)
45.3,1.4,0.719,0.07
45.3,1.8,1.858,0.069
45.3,2.5,4.092,0.083
45.3,3.5,6.188,0.08
45.3,4.9,7.836,0.086
45.3,6.7,6.987,0.077
45.3,8.4,6.082,0.064
45.3,13.5,3.79,0.063
45.3,16,2.96,0.067
45.3,20.5,2.493,0.097
45.3,25,1.819,0.08
45.3,29,1.549,0.053
45.3,36,1.159,0.051
